test,BIS.endedEarly,BIS.main.skipped,OBO.endedEarly,OBO.main.skipped
org.springframework.boot.cli.SampleIntegrationTests#httpSample,True,True,True,True
org.apache.hadoop.hbase.master.TestRegionManager#testGetFirstMetaRegionForRegionAfterMetaSplit,True,True,True,True
com.squareup.okhttp.internal.http.ResponseCacheTest#maxAgePreferredOverLowerSharedMaxAge,False,False,False,False
org.jboss.as.test.smoke.jms.JMSBridgeTest#sendAndReceiveMessage,SKIPPED_META_PROCESSING,SKIPPED_META_PROCESSING,SKIPPED_META_PROCESSING,SKIPPED_META_PROCESSING
tachyon.client.TachyonFSTest#createRawTableWithTableColumnExceptionTest1,False,False,False,False
tachyon.MasterInfoTest#getCapacityBytesTest,False,False,False,False
org.springframework.boot.starter.StarterDependenciesIntegrationTests#oldSpringModulesAreNotTransitiveDependencies[0],False,False,False,False
org.apache.hadoop.hbase.client.TestFromClientSide#testJiraTest52,True,True,True,True
org.apache.dubbo.registry.multicast.MulticastRegistryTest#testCustomedPort,False,False,False,False
com.squareup.okhttp.internal.http.URLConnectionTest#fullyBufferedPostIsTooShort,False,False,False,False
tachyon.MasterFaultToleranceTest#getClientsTest,True,True,True,False
tachyon.MasterInfoTest#createFileTest,False,False,False,False
info.archinnov.achilles.test.integration.tests.SecondaryIndexIT#should_return_entities_for_indexed_query,False,True,False,True
org.springframework.boot.cli.compiler.grape.AetherGrapeEngineTests#dependencyResolutionWithCustomClassLoader,False,False,False,False
org.activiti.engine.test.bpmn.exclusive.ExclusiveTimerEventTest#testCatchingTimerEvent,True,True,False,False
org.apache.http.impl.nio.reactor.TestDefaultIOReactors#testGracefulShutdown,False,False,False,False
org.springframework.boot.starter.StarterDependenciesIntegrationTests#commonsLoggingIsNotATransitiveDependency[5],False,False,False,False
org.wildfly.iiop.openjdk.IIOPSubsystemTransformersTestCase#testRejectTransformersEAP_7_0_0,True,True,True,True
me.prettyprint.hector.api.ApiV2SystemTest#testSubColumnQuery,False,False,False,False
org.apache.hadoop.hbase.TestScanMultipleVersions#testScanMultipleVersions,True,True,True,True
org.springframework.boot.starter.StarterDependenciesIntegrationTests#oldSpringModulesAreNotTransitiveDependencies[19],False,False,False,False
org.jboss.as.messaging.test.MessagingSubsystem30TestCase#testTransformersEAP_6_4_0,True,True,True,True
org.apache.hadoop.hbase.regionserver.TestScanner#testScanner,True,True,True,True
org.apache.hadoop.hbase.stargate.auth.TestHTableAuthenticator#testGetAdminUser,True,False,True,True
org.jboss.as.txn.subsystem.TransactionSubsystemTestCase#testRejectTransformersEAP700,True,True,True,True
org.apache.hadoop.hbase.client.TestFromClientSide#testFilters,True,True,True,True
io.undertow.server.security.SpnegoAuthenticationTestCase#testSpnegoSuccess,False,False,False,False
org.java_websocket.issues.Issue256Test#runReconnectBlockingScenario2,False,False,False,False
org.apache.hadoop.hbase.client.TestFromClientSide#testRowsPutBufferedOneFlush,True,True,True,True
me.prettyprint.hector.api.ApiV2SystemTest#testSuperCountQuery,False,False,False,False
org.apache.dubbo.rpc.protocol.dubbo.telnet.ListTelnetHandlerTest#testListDefault,False,False,False,False
org.springframework.boot.cli.SampleIntegrationTests#txSample,True,False,False,False
org.springframework.boot.starter.StarterDependenciesIntegrationTests#oldSpringModulesAreNotTransitiveDependencies[14],False,False,False,False
tachyon.WorkerServiceHandlerTest#overCapacityRequestSpaceTest,False,False,False,False
ch.qos.logback.classic.net.SMTPAppender_GreenTest#LBCLASSIC_104,False,False,False,False
me.prettyprint.cassandra.service.KeyspaceTest#testInsertAndGetAndRemove,False,False,False,False
ch.qos.logback.core.rolling.TimeBasedRollingTest#withMissingTargetDirWithCompression,False,False,False,False
org.java_websocket.issues.Issue256Test#runReconnectBlockingScenario0,False,False,False,False
com.github.kevinsawicki.http.HttpRequestTest#singleVerifier,False,False,False,False
org.apache.hadoop.hbase.regionserver.wal.TestHLog#testSplit,True,True,True,True
org.activiti.spring.test.jobexecutor.SpringAsyncExecutorTest#testHappyJobExecutorPath,False,False,False,False
tachyon.client.FileInStreamTest#readTest2,True,True,True,False
ro.isdc.wro.extensions.processor.TestRubySassCssProcessor#shouldSucceedAfterAFailure,False,False,False,False
org.springframework.boot.gradle.RepackagingTests#repackagingEnabledWithCustomRepackagedJar,False,False,False,False
org.springframework.boot.starter.StarterDependenciesIntegrationTests#oldSpringModulesAreNotTransitiveDependencies[37],False,False,False,False
org.springframework.boot.starter.StarterDependenciesIntegrationTests#commonsLoggingIsNotATransitiveDependency[19],False,False,False,False
org.springframework.boot.starter.StarterDependenciesIntegrationTests#commonsLoggingIsNotATransitiveDependency[31],False,False,False,False
tachyon.command.TFsShellTest#fileinfoTest,True,True,False,False
org.apache.hadoop.hbase.stargate.Test00MiniCluster#testZooKeeperMiniCluster,False,False,False,False
org.apache.ambari.server.controller.AmbariManagementControllerTest#testGetServiceComponentHosts,False,False,False,False
org.apache.hadoop.hbase.regionserver.TestGetClosestAtOrBefore#testUsingMetaAndBinary,True,True,True,True
com.squareup.okhttp.internal.spdy.SpdyConnectionTest#pushPromiseStream,False,True,False,False
org.apache.ambari.server.controller.AmbariManagementControllerTest#testRcaOnJobtrackerHost,False,False,False,False
org.activiti.engine.test.api.event.JobEventsTest#testTimerFiredForIntermediateTimer,False,False,False,False
tachyon.client.RemoteBlockInStreamTest#readTest6,True,True,True,True
com.squareup.okhttp.internal.http.ResponseCacheTest#cacheCanUseCriteriaBesidesVariantObeyed,False,False,False,False
org.apache.http.nio.protocol.TestThrottlingNHttpHandlers#testSimpleHttpPostsChunked,False,False,False,False
org.apache.hadoop.hbase.stargate.TestScannerResource#testSimpleScannerXML,True,True,True,True
org.apache.http.nio.protocol.TestBufferingNHttpHandlers#testHttpPostsChunked,False,False,False,False
org.springframework.boot.autoconfigure.jta.JtaAutoConfigurationTests#defaultBitronixServerId,False,False,False,False
com.squareup.okhttp.internal.http.URLConnectionTest#connectViaHttpProxyToHttpsUsingBadProxyAndHttpResponseCache,False,False,False,False
org.apache.dubbo.rpc.protocol.dubbo.telnet.InvokerTelnetHandlerTest#testInvokeDefaultSService,False,False,False,False
tachyon.client.TachyonFSTest#createFileTest,False,False,False,False
org.apache.dubbo.rpc.protocol.dubbo.telnet.ListTelnetHandlerTest#testListService,False,False,False,False
org.apache.hadoop.hbase.master.TestMasterTransitions#testAddingServerBeforeOldIsDead2413,True,True,True,True
org.java_websocket.issues.Issue256Test#runReconnectScenario5,False,False,False,False
tachyon.command.TFsShellTest#renameParentDirectoryTest,False,False,False,False
ch.qos.logback.classic.net.SyslogAppenderTest#basic,False,False,False,False
org.springframework.boot.starter.StarterDependenciesIntegrationTests#oldSpringModulesAreNotTransitiveDependencies[23],False,False,False,False
org.springframework.boot.gradle.RepackagingTests#repackageWithFileDependency,False,False,False,False
org.apache.ambari.server.controller.AmbariManagementControllerTest#testCreateClusterSimple,False,False,False,False
com.squareup.okhttp.internal.http.URLConnectionTest#readAfterLastByte,False,False,False,False
org.springframework.boot.gradle.ClassifierTests#classifierInBootTask,False,False,False,False
org.apache.http.nio.protocol.TestAsyncNHttpHandlers#testDelayedHttpGets,False,False,False,False
com.squareup.okhttp.internal.http.URLConnectionTest#canSetNegativeChunkedStreamingMode,False,False,False,False
org.apache.hadoop.hbase.client.TestFromClientSide#testListTables,True,True,True,True
com.squareup.okhttp.internal.http.HttpResponseCacheTest#responseSourceHeaderFetched,False,False,False,False
org.springframework.boot.autoconfigure.liquibase.LiquibaseAutoConfigurationTests#testOverrideDefaultSchema,False,False,False,False
org.apache.http.nio.protocol.TestThrottlingNHttpHandlers#testInputThrottling,False,False,False,False
org.activiti.engine.test.bpmn.event.timer.BoundaryTimerNonInterruptingEventTest#testMultipleTimersOnUserTask,False,False,False,False
org.apache.ambari.server.controller.AmbariManagementControllerTest#testClientServiceSmokeTests,False,False,False,False
tachyon.command.TFsShellTest#mkdirComplexPathTest,False,False,False,False
org.apache.hadoop.hbase.stargate.TestVersionResource#testGetStargateVersionText,True,True,True,True
org.apache.hadoop.hbase.regionserver.TestGetDeleteTracker#testIsDeleted_NotDeleted,False,False,False,False
tachyon.JournalTest#FolderTest,False,False,False,False
org.springframework.boot.starter.StarterDependenciesIntegrationTests#commonsLoggingIsNotATransitiveDependency[29],False,False,False,False
tachyon.client.TachyonFSTest#createRawTableTestEmptyMetadata,False,False,False,False
org.apache.hadoop.hbase.stargate.TestVersionResource#testGetStorageClusterVersionText,True,True,True,True
org.springframework.boot.starter.StarterDependenciesIntegrationTests#oldSpringModulesAreNotTransitiveDependencies[6],False,False,False,False
me.prettyprint.cassandra.service.KeyspaceTest#testBatchMutate,False,False,False,False
org.apache.hadoop.hbase.client.TestFromClientSide#testSimpleMissing,True,True,True,True
org.java_websocket.issues.Issue256Test#runReconnectScenario2,False,False,False,False
org.activiti.engine.test.bpmn.event.timer.IntermediateTimerEventTest#testCatchingTimerEvent,False,False,False,False
org.activiti.engine.test.bpmn.event.end.TerminateEndEventTest#testTerminateInSubProcessWithBoundary,False,False,False,False
tachyon.client.TachyonFSTest#renameFileTest3,False,False,False,False
com.github.kevinsawicki.http.HttpRequestTest#postWithEscapedVarargsQueryParams,False,False,False,False
org.springframework.boot.starter.StarterDependenciesIntegrationTests#oldSpringModulesAreNotTransitiveDependencies[18],False,False,False,False
org.apache.hadoop.hbase.stargate.TestVersionResource#testGetStargateVersionXML,False,False,False,False
com.squareup.okhttp.internal.spdy.SpdyConnectionTest#receiveGoAwayHttp2,False,False,False,False
org.springframework.boot.actuate.autoconfigure.EndpointWebMvcAutoConfigurationTests#portPropertiesOnSamePort,False,False,False,False
tachyon.client.TachyonFSTest#createRawTableWithInvalidPathExceptionTest2,False,False,False,False
org.apache.hadoop.hbase.client.TestFromClientSide#testGet_NonExistentRow,True,True,True,True
org.apache.hadoop.hbase.master.TestMasterTransitions#testKillRSWithOpeningRegion2482,True,True,True,True
org.springframework.boot.starter.StarterDependenciesIntegrationTests#commonsLoggingIsNotATransitiveDependency[27],False,False,False,False
com.squareup.okhttp.internal.http.URLConnectionTest#cannotSetNegativeFixedLengthStreamingMode,False,False,False,False
me.prettyprint.cassandra.utils.TimeUUIDUtilsTest#testTimeUUIDWithClockResolution,False,False,False,False
sample.liquibase.SampleLiquibaseApplicationTests#testDefaultSettings,False,False,False,False
tachyon.client.TachyonFileTest#isInMemoryTest3,True,True,False,False
com.squareup.okhttp.internal.http.URLConnectionTest#requestBodySurvivesRetriesWithFixedLength,False,False,False,False
org.jboss.as.messaging.test.MessagingSubsystem30TestCase#testRejectExpressionsEAP_6_4_0,True,True,True,True
tachyon.JournalTest#AddBlockTest,True,True,False,False
org.springframework.boot.starter.StarterDependenciesIntegrationTests#oldSpringModulesAreNotTransitiveDependencies[15],False,False,False,False
me.prettyprint.hector.api.ApiV2SystemTest#testInsertGetRemove,False,False,False,False
org.apache.ambari.server.controller.AmbariManagementControllerTest#testCreateServiceComponentSimple,False,False,False,False
org.apache.hadoop.hbase.client.TestFromClientSide#testMiscHTableStuff,True,True,True,True
org.springframework.boot.starter.StarterDependenciesIntegrationTests#commonsLoggingIsNotATransitiveDependency[24],False,False,False,False
tachyon.command.TFsShellTest#renameTest,False,False,False,False
me.prettyprint.hom.EntityManagerFactoryTest#testCreateEntityManager,False,False,False,False
tachyon.client.TachyonFSTest#lockBlockTest2,True,True,False,False
org.springframework.boot.cli.compiler.grape.AetherGrapeEngineTests#dependencyResolution,False,False,False,False
org.apache.hadoop.hbase.stargate.TestRowResource#testSingleCellGetJSON,True,True,True,True
org.springframework.boot.starter.StarterDependenciesIntegrationTests#commonsLoggingIsNotATransitiveDependency[34],False,False,False,False
ch.qos.logback.core.recovery.RecoveryCoordinatorTest#actualTime,False,False,False,False
ro.isdc.wro.extensions.processor.TestRubySassCssProcessor#shouldBeThreadSafe,False,False,False,False
org.jboss.as.txn.subsystem.TransactionSubsystemTestCase#testTransformersFullEAP640,True,True,True,True
tachyon.client.LocalBlockInStreamTest#readTest1,True,True,False,False
tachyon.MasterInfoTest#addCheckpointTest,False,False,False,False
org.apache.hadoop.hbase.client.TestAdmin#testCreateTable,True,True,True,True
org.java_websocket.issues.Issue256Test#runReconnectScenario1,False,False,False,False
io.undertow.server.security.SpnegoBasicAuthenticationTestCase#testSpnegoSuccess,False,False,False,False
com.squareup.okhttp.internal.http.ResponseCacheTest#requestOnlyIfCachedWithNoResponseCached,False,False,False,False
org.apache.http.nio.protocol.TestNIOSSLHttp#testHttpPostsWithContentLength,False,False,False,False
com.squareup.okhttp.internal.http.URLConnectionTest#fullyBufferedPostIsTooLong,False,False,False,False
org.activiti.engine.test.api.task.TaskServiceTest#testGetVariableByHistoricActivityInstance,False,False,False,False
com.squareup.okhttp.internal.http.ResponseCacheTest#maxAgeInTheFutureWithDateHeader,False,False,False,False
tachyon.client.LocalBlockInStreamTest#readTest3,True,True,False,False
tachyon.client.BlockInStreamTest#readTest2,True,True,False,False
org.springframework.boot.starter.StarterDependenciesIntegrationTests#commonsLoggingIsNotATransitiveDependency[21],False,False,False,False
org.apache.hadoop.hbase.stargate.TestRowResource#testDelete,True,True,True,True
com.github.kevinsawicki.http.HttpRequestTest#deleteWithVarargsQueryParams,False,False,False,False
org.springframework.boot.starter.StarterDependenciesIntegrationTests#commonsLoggingIsNotATransitiveDependency[23],False,False,False,False
tachyon.client.table.RawColumnTest#basicTest,False,False,False,False
tachyon.client.RemoteBlockInStreamTest#readTest1,True,True,False,False
org.apache.ambari.server.controller.AmbariManagementControllerTest#testCreateServiceComponentMultiple,False,False,False,False
org.springframework.boot.cli.DirectorySourcesIntegrationTests#runDirectory,False,False,False,False
org.apache.http.nio.protocol.TestAsyncNHttpHandlers#testNoRequestHandler,False,False,False,False
tachyon.MasterInfoTest#clientFileInfoDirectoryTest,False,False,False,False
org.apache.dubbo.rpc.protocol.dubbo.telnet.InvokerTelnetHandlerTest#testInvokeAutoFindMethod,False,False,False,False
org.apache.dubbo.rpc.protocol.dubbo.telnet.ListTelnetHandlerTest#testList,False,False,False,False
info.archinnov.achilles.internal.statement.wrapper.RegularStatementWrapperTest#should_trace_query,False,False,False,False
sample.data.redis.SampleRedisApplicationTests#testDefaultSettings,False,False,False,False
org.springframework.boot.starter.StarterDependenciesIntegrationTests#commonsLoggingIsNotATransitiveDependency[12],False,False,False,False
com.squareup.okhttp.internal.http.URLConnectionTest#setInvalidRequestMethodConnect,False,False,False,False
org.apache.ambari.server.security.authorization.AmbariLdapAuthenticationProviderTest#testAuthenticate,False,False,False,False
com.squareup.okhttp.internal.http.URLConnectionTest#nonHexChunkSize,False,False,False,False
org.apache.ambari.server.controller.AmbariManagementControllerTest#testCreateClusterWithInvalidRequest,False,False,False,False
org.springframework.boot.cli.SampleIntegrationTests#appSample,False,False,False,False
com.squareup.okhttp.internal.http.URLConnectionTest#response305UseProxy,False,False,False,False
org.apache.hadoop.hbase.stargate.TestVersionResource#testGetStargateVersionJSON,False,False,True,False
org.springframework.boot.starter.StarterDependenciesIntegrationTests#commonsLoggingIsNotATransitiveDependency[0],False,False,False,False
org.apache.hadoop.hbase.regionserver.TestCompaction#testCompaction,True,True,True,True
me.prettyprint.cassandra.service.KeyspaceTest#testGetSlice,False,False,False,False
org.springframework.boot.gradle.RepackagingTests#repackagingDisabledWithCustomRepackagedJar,False,False,False,False
com.squareup.okhttp.internal.spdy.SpdyConnectionTest#maxFrameSizeHonored,False,False,False,False
org.apache.ambari.server.security.authorization.AmbariLdapAuthenticationProviderTest#testBadCredential,False,False,False,False
tachyon.client.BlockInStreamTest#readTest1,True,True,False,False
tachyon.client.FileInStreamTest#readTest1,True,True,True,False
org.springframework.boot.gradle.MainClassTests#buildFromRunTask,False,False,False,False
com.squareup.okhttp.internal.http.URLConnectionTest#serverShutdownOutput,False,False,False,False
io.undertow.server.security.DigestAuthentication2069TestCase#testNonceReUse,False,False,False,False
org.apache.hadoop.hbase.stargate.client.TestRemoteTable#testDelete,True,True,True,True
org.jboss.as.clustering.infinispan.subsystem.InfinispanTransformersTestCase#testTransformerEAP640,True,True,True,True
com.squareup.okhttp.internal.http.HttpResponseCacheTest#responseCaching_410,False,False,False,False
org.apache.hadoop.hbase.client.TestFromClientSide#testVersions,True,True,True,True
org.springframework.boot.gradle.SpringLoadedTests#defaultJvmArgsArePreservedWhenLoadedAgentIsConfigured,False,False,False,False
com.squareup.okhttp.internal.http.URLConnectionTest#connectViaProxyUsingProxySystemProperty,False,False,False,False
org.apache.hadoop.hbase.stargate.TestVersionResource#testGetStorageClusterVersionXML,True,True,SKIPPED_META_PROCESSING,SKIPPED_META_PROCESSING
org.springframework.boot.cli.ReproIntegrationTests#securityDependencies,True,True,True,True
com.squareup.okhttp.internal.http.URLConnectionTest#connectRetriesUntilConnectedOrFailed,False,False,False,False
org.apache.hadoop.hbase.stargate.TestScannersWithFilters#testNoFilter,True,True,True,True
ro.isdc.wro.extensions.processor.support.sass.TestRubySassEngine#shouldProcessValidCss,False,False,False,False
com.squareup.okhttp.internal.spdy.SpdyConnectionTest#peerHttp2ServerZerosCompressionTable,False,False,False,False
org.apache.hadoop.hbase.stargate.Test00MiniCluster#testDFSMiniCluster,False,False,False,False
org.apache.hadoop.hbase.client.TestFromClientSide#testHBase737,True,True,True,True
tachyon.client.TachyonFSTest#createFileWithInvalidPathExceptionTest,False,False,False,False
me.prettyprint.hector.api.ApiV2SystemTest#testSubSliceQuery,False,False,False,False
org.apache.dubbo.rpc.protocol.dubbo.telnet.ChangeTelnetHandlerTest#testChangeName,False,False,False,False
com.squareup.okhttp.internal.http.ResponseCacheTest#cacheControlNoStoreAndExpirationDateInTheFuture,False,False,False,False
ch.qos.logback.classic.net.SMTPAppender_GreenTest#synchronousSmoke,False,False,False,False
ro.isdc.wro.extensions.processor.TestRubySassCssProcessor#shouldFailWhenInvalidSassCssIsProcessed,False,False,False,False
org.springframework.boot.starter.StarterDependenciesIntegrationTests#commonsLoggingIsNotATransitiveDependency[36],False,False,False,False
tachyon.JournalTest#TableTest,False,False,False,False
org.apache.ambari.server.controller.AmbariManagementControllerTest#testDeleteUsers,False,False,False,False
org.activiti.engine.test.bpmn.event.timer.StartTimerEventRepeatWithEndTest#testCycleDateStartTimerEvent,True,True,False,False
me.prettyprint.cassandra.service.KeyspaceTest#testInsertSuper,False,False,False,False
tachyon.client.RemoteBlockInStreamTest#readTest7,True,False,False,False
org.jboss.as.test.smoke.jms.SendToJMSQueueTest#sendAndReceiveMessage,SKIPPED_META_PROCESSING,SKIPPED_META_PROCESSING,SKIPPED_META_PROCESSING,SKIPPED_META_PROCESSING
tachyon.client.TachyonFSTest#unlockBlockTest2,True,True,False,False
org.apache.ambari.server.agent.TestHeartbeatMonitor#testHeartbeatStateCommandsEnqueueing,False,False,False,False
com.squareup.okhttp.internal.spdy.SpdyConnectionTest#remoteSendsDataAfterInFinished,False,False,False,False
me.prettyprint.hector.api.ApiV2SystemTest#testSuperSliceQuery,False,False,False,False
org.jboss.as.clustering.infinispan.subsystem.InfinispanTransformersTestCase#testRejectionsEAP700,True,True,True,True
org.apache.hadoop.hbase.mapred.TestTableMapReduce#testMultiRegionTable,True,True,True,True
tachyon.MasterInfoTest#deleteDirectoryWithFilesTest2,False,False,False,False
org.apache.commons.exec.TestRunner#testExecuteAsyncWithProcessDestroyer,False,False,False,False
org.springframework.boot.starter.StarterDependenciesIntegrationTests#commonsLoggingIsNotATransitiveDependency[6],False,False,False,False
me.prettyprint.cassandra.model.MutatorTest#testRowDeletion,False,False,False,False
org.apache.ambari.server.controller.AmbariManagementControllerTest#testGetServiceComponents,False,False,False,False
com.github.kevinsawicki.http.HttpRequestTest#getWithMappedQueryParams,False,False,False,False
com.ea.orbit.actors.test.DeactivationTest#cleanupTest,False,False,False,False
com.squareup.okhttp.internal.http.URLConnectionTest#singleByteReadIsSigned,False,False,False,False
ch.qos.logback.classic.turbo.ReconfigureOnChangeTest#fallbackToSafeWithIncludedFile,False,False,False,False
io.elasticjob.lite.event.rdb.JobEventRdbSearchTest#assertFindJobStatusTraceEventsWithTime,False,False,False,False
org.activiti.engine.test.api.repository.ProcessDefinitionSuspensionTest#testDelayedActivateProcessDefinition,False,False,False,False
com.squareup.okhttp.AsyncApiTest#redirect,False,False,False,False
com.squareup.okhttp.internal.http.URLConnectionTest#authenticateRealmUppercase,False,False,False,False
org.springframework.boot.starter.StarterDependenciesIntegrationTests#oldSpringModulesAreNotTransitiveDependencies[12],False,False,False,False
com.squareup.okhttp.internal.http.ResponseCacheTest#etag,False,False,False,False
org.jboss.as.txn.subsystem.TransactionSubsystemTestCase#testRejectTransformersEAP710,True,True,True,True
org.springframework.boot.starter.StarterDependenciesIntegrationTests#commonsLoggingIsNotATransitiveDependency[11],False,False,False,False
org.apache.hadoop.hbase.stargate.TestRowResource#testSingleCellGetPutXML,True,True,True,True
org.springframework.boot.autoconfigure.liquibase.LiquibaseAutoConfigurationTests#testOverrideChangeLog,False,False,False,False
org.springframework.boot.starter.StarterDependenciesIntegrationTests#oldSpringModulesAreNotTransitiveDependencies[27],False,False,False,False
tachyon.DataServerTest#readTest,True,True,True,True
tachyon.client.table.RawTableTest#getPathTest,False,False,False,False
org.springframework.boot.cli.SampleIntegrationTests#integrationSample,False,False,False,False
tachyon.client.TachyonFSTest#lockBlockTest3,True,True,True,False
org.springframework.boot.cli.compiler.grape.AetherGrapeEngineTests#resolutionWithClassifier,False,False,False,False
com.squareup.okhttp.internal.http.URLConnectionTest#earlyDisconnectDoesntHarmPoolingWithFixedLengthEncoding,False,False,False,False
com.squareup.okhttp.internal.http.URLConnectionTest#inputStreamAvailableWithNoLengthHeaders,False,False,False,False
org.apache.hadoop.hbase.regionserver.wal.TestLogRolling#testLogRollOnDatanodeDeath,True,True,True,True
org.springframework.boot.cli.JarCommandIT#jarCreationWithIncludes,False,True,False,True
org.springframework.boot.starter.StarterDependenciesIntegrationTests#oldSpringModulesAreNotTransitiveDependencies[17],False,False,False,False
org.apache.hadoop.hbase.stargate.auth.TestZooKeeperAuthenticator#testGetUserUnknown,True,True,True,True
com.squareup.okhttp.internal.http.ResponseCacheTest#serverReturnsDocumentOlderThanCache,False,False,False,False
org.apache.hadoop.hbase.regionserver.TestScanner#testRaceBetweenClientAndTimeout,True,True,True,True
org.jboss.as.test.integration.jsp.JspTagTestCase#test,SKIPPED_META_PROCESSING,SKIPPED_META_PROCESSING,SKIPPED_META_PROCESSING,SKIPPED_META_PROCESSING
org.apache.dubbo.remoting.exchange.support.header.HeartbeatHandlerTest#testServerHeartbeat,False,False,False,False
org.apache.hadoop.hbase.regionserver.TestScanner#testScanAndRealConcurrentFlush,True,True,True,True
org.apache.hadoop.hbase.io.hfile.TestLruBlockCache#testBackgroundEvictionThread,False,False,False,False
tachyon.client.TachyonFSTest#renameFileTest1,False,False,False,False
org.springframework.boot.cli.TestCommandIntegrationTests#integrationAutoConfigTest,False,False,False,False
tachyon.WorkerServiceHandlerTest#evictionTest,True,True,False,False
org.apache.hadoop.hbase.TestRegionRebalancing#testRebalancing,True,True,True,True
org.apache.ambari.server.controller.AmbariManagementControllerTest#testCreateClusterWithInvalidStack,False,False,False,False
me.prettyprint.hector.api.ApiV2SystemTest#testSubCountQuery,False,False,False,False
tachyon.DataServerTest#readPartialTest2,True,True,True,True
org.apache.hadoop.hbase.mapreduce.TestTableInputFormatScan#testScanYZYToEmpty,True,True,True,True
com.squareup.okhttp.internal.http.HttpResponseCacheTest#clientPrematureDisconnectWithChunkedEncoding,False,False,False,False
org.springframework.boot.starter.StarterDependenciesIntegrationTests#commonsLoggingIsNotATransitiveDependency[3],False,False,False,False
ro.isdc.wro.extensions.processor.support.sass.TestRubySassEngine#shouldProcessValidSass,False,False,False,False
org.springframework.boot.starter.StarterDependenciesIntegrationTests#commonsLoggingIsNotATransitiveDependency[26],False,False,False,False
tachyon.MasterInfoTest#tooManyColumnsTest,False,False,False,False
org.springframework.boot.starter.StarterDependenciesIntegrationTests#oldSpringModulesAreNotTransitiveDependencies[26],False,False,False,False
tachyon.client.RemoteBlockInStreamTest#readTest2,True,True,False,False
org.springframework.boot.starter.StarterDependenciesIntegrationTests#oldSpringModulesAreNotTransitiveDependencies[36],False,False,False,False
io.undertow.server.security.DigestAuthentication2069TestCase#testDigestSuccess,False,False,False,False
org.springframework.boot.starter.StarterDependenciesIntegrationTests#oldSpringModulesAreNotTransitiveDependencies[4],False,False,False,False
org.apache.hadoop.hbase.stargate.TestRowResource#testSingleCellGetPutBinary,True,True,True,True
ro.isdc.wro.util.concurrent.TestTaskExecutor#shouldBeFasterWhenRunningMultipleSlowTasks,False,False,False,False
tachyon.MasterInfoTest#createFilePerfTest,False,False,False,False
tachyon.client.TachyonFSTest#createRawTableWithTableColumnExceptionTest3,False,False,False,False
ro.isdc.wro.extensions.processor.TestRubySassCssProcessor#shouldTestFromFolder,False,False,False,False
org.java_websocket.issues.Issue256Test#runReconnectScenario9,False,False,False,False
tachyon.MasterInfoTest#notFileCheckpointTest,False,False,False,False
org.activiti.engine.test.api.event.ActivityEventsTest#testActivityTimeOutEvent,False,False,False,False
com.squareup.okhttp.internal.http.URLConnectionTest#inputStreamAvailableWithContentLengthHeader,False,False,False,False
org.springframework.boot.gradle.ClassifierTests#classifierInBootExtension,False,False,False,False
tachyon.MasterInfoTest#negativeColumnTest,False,False,False,False
com.squareup.okhttp.internal.http.ResponseCacheTest#responseCachingAndRedirects,False,False,False,False
tachyon.JournalTest#FileFolderTest,False,False,False,False
org.springframework.boot.starter.StarterDependenciesIntegrationTests#commonsLoggingIsNotATransitiveDependency[16],False,False,False,False
org.apache.http.nio.protocol.TestAsyncNHttpHandlers#testHttpPostsChunked,False,False,False,False
org.springframework.boot.cli.ReproIntegrationTests#grabAntBuilder,True,True,True,True
org.apache.hadoop.hbase.client.TestFromClientSide#testRowsPutBufferedManyManyFlushes,True,True,True,True
org.apache.ambari.server.controller.AmbariManagementControllerTest#testGetUsers,False,False,False,False
org.apache.hadoop.hbase.regionserver.TestGetClosestAtOrBefore#testGetClosestRowBefore2,True,True,True,True
com.google.zxing.pdf417.decoder.ec.ErrorCorrectionTestCase#testTooManyErrors,False,False,False,False
com.squareup.okhttp.internal.http.URLConnectionTest#connectionCloseInRequest,False,False,False,False
org.activiti.engine.test.bpmn.event.timer.compatibility.StartTimerEventRepeatCompatibilityTest#testCycleDateStartTimerEvent,True,True,False,False
org.apache.hadoop.hbase.stargate.TestRowResource#testURLEncodedKey,True,True,True,True
org.apache.hadoop.hbase.client.TestFromClientSide#testJiraTest861,True,True,True,True
com.squareup.okhttp.internal.http.ResponseCacheTest#maxAgePreferredWithMaxAgeAndExpires,False,False,False,False
org.springframework.boot.gradle.InstallTests#cleanInstallApp,False,False,False,False
tachyon.client.RemoteBlockInStreamTest#skipTest,True,True,False,False
tachyon.client.TachyonFSTest#lockBlockTest4,True,True,True,False
me.prettyprint.cassandra.service.KeyspaceTest#testMultigetCount,False,False,False,False
org.activiti.engine.test.bpmn.event.timer.StartTimerEventTest#testDurationStartTimerEvent,False,False,False,False
com.squareup.okhttp.internal.http.URLConnectionTest#response302MovedTemporarilyWithPost,False,False,False,False
com.github.kevinsawicki.http.HttpRequestTest#getUrlEncodedWithPercent,False,False,False,False
org.apache.http.nio.protocol.TestAsyncNHttpHandlers#testDelayedHttpException,False,False,False,False
com.squareup.okhttp.internal.spdy.SpdyConnectionTest#replyWithNoData,False,True,False,False
org.apache.hadoop.hbase.mapreduce.TestTableInputFormatScan#testScanOBBToOPP,True,True,True,True
org.springframework.boot.starter.StarterDependenciesIntegrationTests#oldSpringModulesAreNotTransitiveDependencies[21],False,False,False,False
me.prettyprint.cassandra.model.MutatorTest#testSubDelete,False,False,False,False
org.apache.hadoop.hbase.stargate.TestRowResource#testMultiCellGetPutPB,True,True,True,True
org.activiti.engine.test.bpmn.subprocess.SubProcessTest#testSimpleSubProcessWithTimer,False,False,False,False
org.springframework.boot.gradle.SpringLoadedTests#springLoadedCanBeUsedWithGradle16,False,True,False,True
com.squareup.okhttp.internal.http.URLConnectionTest#setInvalidRequestMethodLowercase,False,False,False,False
com.squareup.okhttp.internal.http.URLConnectionTest#authenticateWithChunkedStreaming,False,False,False,False
org.apache.hadoop.hbase.regionserver.TestWideScanner#testWideScanBatching,True,True,True,True
org.springframework.boot.cli.compiler.grape.AetherGrapeEngineTests#nonTransitiveDependencyResolution,False,False,False,False
org.springframework.boot.starter.StarterDependenciesIntegrationTests#oldSpringModulesAreNotTransitiveDependencies[8],False,False,False,False
org.apache.dubbo.rpc.protocol.dubbo.telnet.ChangeTelnetHandlerTest#testChangePath,False,False,False,False
org.apache.hadoop.hbase.regionserver.TestGetClosestAtOrBefore#testGetClosestRowBefore3,True,True,True,True
org.java_websocket.issues.Issue256Test#runReconnectScenario6,False,False,False,False
com.squareup.okhttp.internal.http.URLConnectionTest#postFailsWithChunkedRequestForLargeRequest,False,True,False,True
com.squareup.okhttp.internal.spdy.SpdyConnectionTest#readSendsWindowUpdateHttp2,False,False,False,False
org.apache.hadoop.hbase.stargate.TestScannersWithFilters#testPrefixFilter,True,True,True,True
org.apache.ambari.server.controller.AmbariManagementControllerTest#testStartClientHostComponent,False,False,False,False
com.github.kevinsawicki.http.HttpRequestTest#deleteWithMappedQueryParams,False,False,False,False
com.github.kevinsawicki.http.HttpRequestTest#getUrlEncodedWithUnicode,False,False,False,False
org.springframework.boot.cli.TestCommandIntegrationTests#integrationAutoConfigEmbeddedTest,True,True,True,True
sample.data.gemfire.SampleDataGemFireApplicationTests#testGemstonesApp,False,False,False,False
tachyon.command.TFsShellTest#copyFromLocalLargeTest,True,False,SKIPPED_META_PROCESSING,SKIPPED_META_PROCESSING
tachyon.MasterFaultToleranceTest#faultTest,True,True,True,True
org.springframework.boot.cli.TestCommandIntegrationTests#spockAndJunitTester,False,False,False,False
org.apache.hadoop.hbase.client.TestAdmin#testForceSplit,True,True,True,True
org.apache.http.nio.protocol.TestAsyncNHttpHandlers#testHttpException,False,False,False,False
org.apache.hadoop.hbase.client.TestAdmin#testTableNameClash,True,True,True,True
com.github.kevinsawicki.http.HttpRequestTest#postWithNumericQueryParams,False,False,False,False
org.springframework.boot.cli.SampleIntegrationTests#templateSample,False,False,False,False
me.prettyprint.cassandra.service.KeyspaceTest#testGetSuperSlice,False,False,False,False
org.apache.ambari.server.controller.AmbariManagementControllerTest#testCreateServiceComponentHostSimple,False,False,False,False
org.springframework.boot.starter.StarterDependenciesIntegrationTests#oldSpringModulesAreNotTransitiveDependencies[22],False,False,False,False
org.jboss.as.txn.subsystem.TransactionSubsystemTestCase#testTransformersFullEAP700,True,True,True,True
org.apache.ambari.server.controller.AmbariManagementControllerTest#testCreateServiceComponentWithConfigs,False,False,False,False
org.java_websocket.protocols.ProtoclHandshakeRejectionTest#testHandshakeRejectionTestCase10,False,False,False,False
org.apache.http.pool.TestConnPool#testCloseExpired,False,False,False,False
org.apache.ambari.server.controller.AmbariManagementControllerTest#testCreateServiceComponentHostWithInvalidRequest,False,False,False,False
org.springframework.boot.autoconfigure.liquibase.LiquibaseAutoConfigurationTests#testOverrideContexts,False,False,False,False
org.springframework.boot.gradle.RepackagingTests#repackagingDisabledWithCustomRepackagedJarUsingStringJarTaskReference,False,False,False,False
ro.isdc.wro.maven.plugin.TestWro4jMojo#shouldBeFasterWhenRunningProcessingInParallel,False,False,False,False
org.springframework.boot.starter.StarterDependenciesIntegrationTests#oldSpringModulesAreNotTransitiveDependencies[28],False,False,False,False
org.springframework.boot.cli.SampleIntegrationTests#jmsSample,True,True,True,True
org.jboss.as.test.smoke.jms.SendToQueueIgnoreJTATest#sendAndRollbackInJTA,SKIPPED_META_PROCESSING,SKIPPED_META_PROCESSING,SKIPPED_META_PROCESSING,SKIPPED_META_PROCESSING
org.apache.hadoop.hbase.TestInfoServers#testInfoServersAreUp,True,True,True,True
org.springframework.boot.cli.ReproIntegrationTests#dataJpaDependencies,True,True,False,False
org.springframework.boot.starter.StarterDependenciesIntegrationTests#commonsLoggingIsNotATransitiveDependency[35],False,False,False,False
com.github.kevinsawicki.http.HttpRequestTest#postWithMappedQueryParams,False,False,False,False
org.springframework.boot.gradle.RepackagingTests#repackagingEnableWithCustomRepackagedJarUsingStringJarTaskReference,False,False,False,False
com.squareup.okhttp.internal.http.URLConnectionTest#disconnectedConnection,False,False,False,False
org.springframework.boot.starter.StarterDependenciesIntegrationTests#oldSpringModulesAreNotTransitiveDependencies[38],False,False,False,False
com.squareup.okhttp.internal.http.ResponseCacheTest#clientSuppliedConditionWithoutCachedResult,False,False,False,False
org.apache.ambari.server.controller.AmbariManagementControllerTest#testCreateServicesSimple,False,False,False,False
com.squareup.okhttp.internal.http.ResponseCacheTest#setIfModifiedSince,False,False,False,False
org.apache.hadoop.hbase.client.TestFromClientSide#testVersionLimits,True,True,True,True
org.apache.hadoop.hbase.regionserver.TestStoreFile#testBasicHalfMapFile,True,True,True,True
org.springframework.boot.gradle.WarPackagingTests#onlyTomcatIsPackackedInWebInfLibProvided,False,False,False,False
org.springframework.boot.cli.ReproIntegrationTests#shellDependencies,True,True,True,True
org.apache.dubbo.registry.multicast.MulticastRegistryTest#testGetCustomPort,False,False,False,False
org.apache.hadoop.hbase.regionserver.wal.TestHLog#testFindMemstoresWithEditsOlderThan,True,True,True,True
tachyon.command.TFsShellTest#copyToLocalLargeTest,True,True,SKIPPED_META_PROCESSING,SKIPPED_META_PROCESSING
ch.qos.logback.classic.pattern.ConverterTest#testRelativeTime,False,True,False,True
com.squareup.okhttp.internal.http.HttpResponseCacheTest#responseCachingByResponseCode,False,False,False,False
org.apache.ambari.server.controller.AmbariManagementControllerTest#testUpdateUsers,False,False,False,False
tachyon.client.TachyonFSTest#deleteFileTest,True,True,False,False
io.elasticjob.lite.reg.zookeeper.ZookeeperRegistryCenterQueryWithoutCacheTest#assertGetRegistryCenterTime,False,False,False,False
com.squareup.okhttp.internal.http.URLConnectionTest#zeroLengthPut,False,False,False,False
org.springframework.boot.cli.compiler.grape.AetherGrapeEngineTests#pomDependencyResolutionViaExt,False,False,False,False
tachyon.MasterInfoTest#createDirectoryTest,False,False,False,False
ro.isdc.wro.util.concurrent.TestTaskExecutor#shouldHaveMinimalOverheadWhenRunningASingleTask,False,False,False,False
io.undertow.server.security.DigestAuthenticationAuthTestCase#testDigestSuccess,False,False,False,False
org.apache.hadoop.hbase.regionserver.TestHRegion#testWritesWhileGetting,True,True,True,True
org.java_websocket.issues.Issue256Test#runReconnectScenario7,False,False,False,False
tachyon.client.FileOutStreamTest#writeTest3,True,True,False,False
org.apache.hadoop.hbase.stargate.client.TestRemoteTable#testGetTableDescriptor,True,True,True,True
com.squareup.okhttp.internal.http.URLConnectionTest#getContent,False,False,False,False
com.squareup.okhttp.internal.spdy.SpdyConnectionTest#receiveGoAway,False,False,False,False
me.prettyprint.cassandra.model.MutatorTest#testInsert,False,False,False,False
org.apache.dubbo.remoting.exchange.support.header.HeartbeatHandlerTest#testHeartbeat,False,False,False,False
tachyon.MasterInfoTest#deleteDirectoryWithDirectoriesTest,True,False,True,False
com.squareup.okhttp.internal.http.ResponseCacheTest#responseCachingAndInputStreamSkipWithChunkedEncoding,False,False,False,False
tachyon.client.TachyonFSTest#createRawTableWithTableColumnExceptionTest2,False,False,False,False
org.apache.hadoop.hbase.regionserver.wal.TestLogRolling#testLogRolling,True,True,True,True
me.prettyprint.hector.api.ApiV2SystemTest#testMultigetSliceQuery,False,False,False,False
com.squareup.okhttp.internal.http.URLConnectionTest#redirectToAnotherOriginServer,False,False,False,False
org.apache.hadoop.hbase.master.TestMinimumServerCount#testMinimumServerCount,True,True,True,True
org.activiti.engine.test.jobexecutor.AsyncExecutorTest#testAsyncExecutorDisabledOnOneEngine,True,True,False,False
com.squareup.okhttp.internal.http.URLConnectionTest#responseHeaders,False,False,False,False
com.squareup.okhttp.internal.http.ResponseCacheTest#requestPragmaNoCache,False,False,False,False
me.prettyprint.hector.api.ApiV2SystemTest#testMultigetSubSliceQuery,False,False,False,False
ch.qos.logback.classic.net.SMTPAppender_GreenTest#testCustomEvaluator,False,False,False,False
org.apache.hadoop.hbase.client.TestAdmin#testGetTableDescriptor,True,True,True,True
tachyon.client.TachyonFSTest#lockBlockTest1,True,True,False,False
org.apache.hadoop.hbase.stargate.TestSchemaResource#testTableCreateAndDeleteXML,True,True,True,True
me.prettyprint.cassandra.service.CassandraAuthTest#testInsertAndGetAndRemove,False,False,False,False
com.squareup.okhttp.internal.http.URLConnectionTest#gzipWithRedirectAndConnectionReuse,False,False,False,False
tachyon.command.TFsShellTest#locationTest,True,True,False,False
org.apache.http.impl.pool.TestBasicConnPool#testHttpCreateConnection,False,False,False,False
org.apache.hadoop.hbase.stargate.TestScannersWithFilters#testSkipFilter,True,True,True,True
org.apache.hadoop.hbase.mapreduce.TestTableInputFormatScan#testScanEmptyToBBA,True,True,True,True
org.apache.http.nio.protocol.TestThrottlingNHttpHandlers#testSimpleHttpGets,False,False,False,False
tachyon.client.table.RawTableTest#getMetadataTest,False,False,False,False
org.activiti.engine.test.api.repository.ProcessDefinitionSuspensionTest#testSuspendProcessInstancesDuringProcessDefinitionSuspend,False,False,False,False
org.apache.ambari.server.controller.AmbariManagementControllerTest#testGetClustersWithFilters,False,False,False,False
ro.isdc.wro.extensions.processor.support.sass.TestRubySassEngine#cannotProcessInvalidCss,False,False,False,False
org.springframework.boot.autoconfigure.liquibase.LiquibaseAutoConfigurationTests#testOverrideDataSource,False,False,False,False
com.google.zxing.aztec.encoder.EncoderTest#testAztecWriter,False,False,False,False
org.activiti.engine.test.jobexecutor.AsyncExecutorTest#testRegularAsyncExecution,True,True,False,False
org.apache.hadoop.hbase.stargate.client.TestRemoteAdmin#testCreateTable,True,True,True,True
org.springframework.boot.cli.compiler.grape.AetherGrapeEngineTests#dependencyResolutionWithExclusions,False,False,False,False
com.ea.orbit.actors.test.ReminderTest#persistedTimerTest,False,False,False,False
org.jboss.as.clustering.infinispan.subsystem.InfinispanTransformersTestCase#testTransformerEAP710,True,True,True,True
tachyon.client.FileOutStreamTest#writeTest1,True,True,False,False
org.apache.hadoop.hbase.stargate.TestVersionResource#testGetStargateVersionPB,True,False,False,False
org.springframework.boot.cli.command.CommandRunnerIntegrationTests#debugAddsAutoconfigReport,False,False,False,False
org.springframework.boot.cli.SampleIntegrationTests#beansSample,True,True,True,True
com.squareup.okhttp.internal.http.ResponseCacheTest#getHeadersDeletesCached100LevelWarnings,False,False,False,False
org.java_websocket.issues.Issue256Test#runReconnectBlockingScenario3,False,False,False,False
org.apache.dubbo.common.concurrent.ExecutionListTest#testAddNullRunnable,False,False,False,False
com.squareup.okhttp.internal.http.URLConnectionTest#setProtocols,False,False,False,False
org.apache.hadoop.hbase.stargate.client.TestRemoteTable#testPut,True,True,SKIPPED_META_PROCESSING,SKIPPED_META_PROCESSING
org.apache.hadoop.hbase.client.TestGetRowVersions#testGetRowMultipleVersions,True,True,True,True
tachyon.client.TachyonFSTest#createFileTest2,False,False,False,False
tachyon.client.FileInStreamTest#skipTest,True,True,True,False
org.apache.hadoop.hbase.client.TestAdmin#testHundredsOfTable,True,True,True,True
org.wildfly.iiop.openjdk.IIOPSubsystemTransformersTestCase#testTransformersEAP_7_0_0,True,True,True,True
tachyon.client.TachyonFSTest#createFileWithCheckpointFileTest,False,False,False,False
org.apache.hadoop.hbase.client.TestAdmin#testEnableDisableAddColumnDeleteColumn,True,True,True,True
org.apache.hadoop.hbase.stargate.auth.TestZooKeeperAuthenticator#testGetAdminUser,True,True,True,True
org.activiti.engine.test.api.repository.ProcessDefinitionSuspensionTest#testDelayedSuspendMultipleProcessDefinitionsByKey,True,True,False,False
org.java_websocket.issues.Issue256Test#runReconnectBlockingScenario6,False,False,False,False
com.github.kevinsawicki.http.HttpRequestTest#getWithEscapedVarargsQueryParams,False,False,False,False
org.jboss.as.txn.subsystem.TransactionSubsystemTestCase#testTransformersFullEAP710,True,True,True,True
org.springframework.boot.autoconfigure.liquibase.LiquibaseAutoConfigurationTests#testDefaultSpringLiquibase,False,False,False,False
ro.isdc.wro.extensions.processor.TestRubySassCssProcessor#executeMultipleTimesDoesntThrowOutOfMemoryException,False,False,False,False
org.apache.hadoop.hbase.stargate.auth.TestHTableAuthenticator#testGetPlainUser,False,False,True,True
org.apache.hadoop.hbase.stargate.TestTableResource#testTableListPB,True,True,True,True
org.activiti.engine.test.bpmn.async.AsyncTaskTest#testBasicAsyncCallActivity,True,True,False,False
tachyon.WorkerServiceHandlerTest#overReturnSpaceTest,False,False,False,False
org.apache.ambari.server.controller.AmbariManagementControllerTest#testGetHosts,False,False,False,False
org.apache.hadoop.hbase.regionserver.wal.TestHLog#testAppend,True,True,True,True
org.springframework.boot.gradle.CustomVersionManagementTests#exclusionsAreStillInPlace,False,False,False,False
org.apache.hadoop.hbase.stargate.auth.TestZooKeeperAuthenticator#testGetPlainUser,True,True,True,True
org.springframework.boot.gradle.WarPackagingTests#onlyJettyIsPackackedInWebInfLibProvided,False,False,False,False
org.apache.hadoop.hbase.stargate.client.TestRemoteTable#testScanner,True,True,True,True
tachyon.client.RemoteBlockInStreamTest#readTest4,True,True,False,False
com.squareup.okhttp.internal.http.URLConnectionTest#fixedLengthUpload_largeBuffers,False,False,False,False
com.squareup.okhttp.internal.http.HttpResponseCacheTest#responseSourceHeaderConditionalCacheNotFetched,False,False,False,False
org.apache.hadoop.hbase.client.TestAdmin#testCreateTableWithRegions,True,True,True,True
ch.qos.logback.classic.turbo.ReconfigureOnChangeTest#gafferInstallFilter,False,False,False,False
org.apache.hadoop.hbase.client.TestFromClientSide#testGet_EmptyTable,True,True,True,True
org.springframework.boot.autoconfigure.jta.JtaAutoConfigurationTests#defaultAtomikosTransactionManagerName,False,False,False,False
org.springframework.boot.starter.StarterDependenciesIntegrationTests#commonsLoggingIsNotATransitiveDependency[17],False,False,False,False
org.apache.hadoop.hbase.mapreduce.TestTableInputFormatScan#testScanEmptyToBBB,True,True,True,True
com.squareup.okhttp.internal.http.URLConnectionTest#clientConfiguredCustomContentEncoding,False,False,False,False
com.squareup.okhttp.internal.http.URLConnectionTest#response303SeeOtherWithPost,False,False,False,False
tachyon.MasterInfoTest#deleteDirectoryWithFilesTest,True,False,True,False
org.apache.http.pool.TestConnPool#testCreateNewIfExpired,False,False,False,False
org.springframework.boot.starter.StarterDependenciesIntegrationTests#commonsLoggingIsNotATransitiveDependency[28],False,False,False,False
org.apache.ambari.server.controller.AmbariManagementControllerTest#testServiceUpdateInvalidRequest,False,False,False,False
org.springframework.boot.starter.StarterDependenciesIntegrationTests#oldSpringModulesAreNotTransitiveDependencies[30],False,False,False,False
com.squareup.okhttp.internal.http.ResponseCacheTest#authorizationResponseCachedWithMustRevalidate,False,False,False,False
org.springframework.boot.starter.StarterDependenciesIntegrationTests#oldSpringModulesAreNotTransitiveDependencies[2],False,False,False,False
org.apache.ambari.server.controller.AmbariManagementControllerTest#testGetServiceComponentsWithFilters,False,False,False,False
org.springframework.boot.starter.StarterDependenciesIntegrationTests#oldSpringModulesAreNotTransitiveDependencies[24],False,False,False,False
org.springframework.boot.gradle.InstallTests#cleanInstallVersionManagement,False,False,False,False
tachyon.WorkerServiceHandlerTest#totalOverCapacityRequestSpaceTest,False,False,False,False
org.apache.http.nio.protocol.TestAsyncNHttpHandlers#testHttpPostWithNoEntities,False,False,False,False
ch.qos.logback.core.rolling.TimeBasedRollingWithArchiveRemoval_Test#dailyRolloverWithInactivity10,False,False,False,False
tachyon.client.TachyonFSTest#unlockBlockTest3,True,True,False,False
org.apache.hadoop.hbase.stargate.TestScannersWithFilters#testQualifierFilter,True,True,True,True
org.springframework.boot.starter.StarterDependenciesIntegrationTests#commonsLoggingIsNotATransitiveDependency[37],False,False,False,False
org.apache.ambari.server.controller.AmbariManagementControllerTest#testCreateClusterWithDesiredClusterConfigs,False,False,False,False
org.springframework.boot.cli.SampleIntegrationTests#uiSample,True,True,True,True
org.apache.ambari.server.controller.AmbariManagementControllerTest#testCreateServiceWithInvalidInfo,False,False,False,False
tachyon.client.RemoteBlockInStreamTest#readTest3,True,True,False,False
org.apache.hadoop.hbase.client.TestFromClientSide#testJiraTest1014,True,True,True,True
tachyon.client.LocalBlockInStreamTest#skipTest,True,True,False,False
org.apache.http.pool.TestConnPool#testLeaseTimeout,False,True,False,True
info.archinnov.achilles.test.integration.tests.ClusteredEntityIT#should_persist_with_ttl,False,True,False,True
org.java_websocket.issues.Issue256Test#runReconnectBlockingScenario7,False,False,False,False
tachyon.client.table.RawTableTest#getNameTest,False,False,False,False
org.assertj.core.api.date.DateAssert_with_string_based_date_representation_Test#date_assertion_should_support_timestamp_string_representation,False,False,False,False
org.apache.ambari.server.controller.AmbariManagementControllerTest#testCreateHostWithInvalidRequests,False,False,False,False
org.apache.http.nio.protocol.TestBufferingNHttpHandlers#testHttpPostsWithExpectContinue,False,False,False,False
org.apache.dubbo.rpc.protocol.dubbo.DubboProtocolTest#testPerm,False,False,False,False
org.apache.hadoop.hbase.stargate.TestScannerResource#testFullTableScan,True,True,True,True
ro.isdc.wro.extensions.processor.TestBourbonCssProcessor#shouldBeThreadSafe,False,False,False,False
org.springframework.boot.starter.StarterDependenciesIntegrationTests#oldSpringModulesAreNotTransitiveDependencies[20],False,False,False,False
org.apache.hadoop.hbase.util.TestMergeTool#testMergeTool,True,True,True,True
ch.qos.logback.classic.net.SMTPAppender_GreenTest#testCustomBufferSize,False,False,False,False
org.apache.http.pool.TestConnPool#testStatefulConnectionRedistributionOnPerRouteMaxLimit,False,True,False,True
org.apache.hadoop.hbase.stargate.auth.TestHTableAuthenticator#testGetUserUnknown,True,True,True,True
org.springframework.boot.gradle.NoJarTests#nojar,False,False,False,False
me.prettyprint.hector.api.ApiV2SystemTest#testBatchInsertGetRemove,False,False,False,False
org.springframework.boot.starter.StarterDependenciesIntegrationTests#oldSpringModulesAreNotTransitiveDependencies[35],False,False,False,False
org.springframework.boot.cli.TestCommandIntegrationTests#verifyFailures,False,False,False,False
org.apache.hadoop.hbase.stargate.TestTableResource#testTableListJSON,True,True,True,True
org.springframework.boot.autoconfigure.orm.jpa.HibernateJpaAutoConfigurationTests#testLiquibasePlusValidation,False,False,False,False
ro.isdc.wro.model.resource.locator.TestUrlUriLocator#testValidUrl,False,False,False,False
org.apache.hadoop.hbase.stargate.util.TestHTableTokenBucket#testTokenBucketConfig,True,True,True,True
org.springframework.boot.cli.DirectorySourcesIntegrationTests#runPathPattern,False,False,False,False
org.apache.hadoop.hbase.mapreduce.TestTimeRangeMapRed#testTimeRangeMapRed,True,True,True,True
org.springframework.boot.starter.StarterDependenciesIntegrationTests#commonsLoggingIsNotATransitiveDependency[8],False,False,False,False
org.apache.hadoop.hbase.stargate.TestScannersWithFilters#testFirstKeyOnlyFilter,True,True,True,True
sample.parent.consumer.SampleIntegrationParentApplicationTests#testVanillaExchange,False,False,False,False
sample.data.elasticsearch.SampleElasticsearchApplicationTests#testDefaultSettings,False,False,False,False
org.apache.ambari.server.controller.AmbariManagementControllerTest#testServiceUpdateBasic,False,False,False,False
com.squareup.okhttp.internal.http.URLConnectionTest#contentDisagreesWithChunkedHeader,False,False,False,False
org.apache.ambari.server.controller.AmbariManagementControllerTest#testCreateServicesWithInvalidRequest,False,False,False,False
me.prettyprint.cassandra.service.KeyspaceTest#testBatchMutateBatchMutation,False,False,False,False
ch.qos.logback.core.recovery.ResilientOutputStreamTest#verifyRecuperationAfterFailure,False,True,False,True
org.apache.hadoop.hbase.TestEmptyMetaInfo#testEmptyMetaInfo,True,True,True,True
org.apache.ambari.server.controller.AmbariManagementControllerTest#testStartClientComponent,False,False,False,False
org.java_websocket.issues.Issue256Test#runReconnectScenario8,False,False,False,False
org.jboss.as.naming.subsystem.NamingSubsystemTestCase#testRejectionsEAP6,True,True,True,True
tachyon.client.TachyonFileTest#isInMemoryTest,True,True,False,False
org.apache.ambari.server.controller.AmbariManagementControllerTest#testGetActions,False,False,False,False
com.squareup.okhttp.internal.http.URLConnectionTest#chunkedUpload_smallBuffers,False,False,False,False
tachyon.command.TFsShellTest#renameToExistingFileTest,False,False,False,False
ch.qos.logback.core.rolling.TimeBasedRollingTest#withMissingTargetDirWithZipCompression,False,False,False,False
me.prettyprint.hector.api.ApiV2SystemTest#testSuperInsertGetRemove,False,False,False,False
org.activiti.engine.test.jobexecutor.JobExecutorExceptionsTest#testQueryByExceptionWithRealJobExecutor,True,True,SKIPPED_META_PROCESSING,SKIPPED_META_PROCESSING
me.prettyprint.cassandra.service.KeyspaceTest#testBatchUpdateInsertAndDelOnSame,False,False,False,False
com.squareup.okhttp.internal.http.ResponseCacheTest#noDefaultExpirationForUrlsWithQueryString,False,False,False,False
me.prettyprint.cassandra.service.KeyspaceTest#testMultigetSlice,False,False,False,False
org.apache.ambari.server.controller.AmbariManagementControllerTest#testGetServiceComponentHostsWithFilters,False,False,False,False
org.springframework.boot.cli.SampleIntegrationTests#actuatorSample,True,True,True,True
org.jboss.as.clustering.infinispan.subsystem.InfinispanTransformersTestCase#testRejectionsEAP710,True,True,True,True
org.apache.ambari.server.bootstrap.BootStrapTest#testRun,False,False,False,False
org.apache.hadoop.hbase.stargate.TestSchemaResource#testTableCreateAndDeletePB,True,True,True,True
org.activiti.engine.test.jobexecutor.AsyncExecutorTest#testAsyncFailingScript,True,True,False,False
org.apache.hadoop.hbase.client.TestFromClientSide#testGetClosestRowBefore,True,True,True,True
com.squareup.okhttp.internal.http.URLConnectionTest#getContentLengthConnects,False,False,False,False
com.squareup.okhttp.internal.http.URLConnectionTest#veryLargeFixedLengthRequest,False,False,False,False
ch.qos.logback.classic.turbo.ReconfigureOnChangeTest#fallbackToSafe,False,False,False,False
com.squareup.okhttp.internal.http.URLConnectionTest#zeroLengthPost,False,False,False,False
io.elasticjob.lite.event.rdb.JobEventRdbSearchTest#assertFindJobExecutionEventsWithTime,False,False,False,False
org.apache.ambari.server.controller.AmbariManagementControllerTest#testServiceUpdateRecursive,False,False,False,False
tachyon.client.FileOutStreamTest#writeTest2,True,True,False,False
org.jboss.as.test.smoke.jms.SendToQueueIgnoreJTATest#sendIgnoreJTA,SKIPPED_META_PROCESSING,SKIPPED_META_PROCESSING,SKIPPED_META_PROCESSING,SKIPPED_META_PROCESSING
org.springframework.boot.starter.StarterDependenciesIntegrationTests#commonsLoggingIsNotATransitiveDependency[32],False,False,False,False
org.java_websocket.issues.Issue256Test#runReconnectScenario4,False,False,True,True
org.apache.hadoop.hbase.stargate.TestScannersWithFilters#testRowFilter,True,True,True,True
com.squareup.okhttp.internal.http.URLConnectionTest#unauthorizedResponseHandling,False,False,False,False
org.apache.hadoop.hbase.stargate.TestTableResource#testTableListText,True,True,True,True
org.springframework.boot.autoconfigure.jms.hornetq.HornetQAutoConfigurationTests#embeddedWithPersistentMode,True,True,True,True
org.apache.hadoop.hbase.stargate.Test00MiniCluster#testHBaseMiniCluster,False,False,False,False
org.apache.hadoop.hbase.stargate.TestScannersWithFilters#testValueFilter,True,True,True,True
tachyon.MasterClientTest#openCloseTest,False,False,False,False
com.squareup.okhttp.internal.http.URLConnectionTest#requestBodySurvivesRetriesWithBufferedBody,False,False,False,False
org.apache.hadoop.hbase.client.TestScannerTimeout#test2481,True,True,True,True
org.apache.ambari.server.controller.AmbariManagementControllerTest#testCreateHostMultiple,False,False,False,False
org.springframework.boot.cli.TestCommandIntegrationTests#spockTester,False,False,False,False
org.activiti.engine.test.bpmn.subprocess.SubProcessTest#testNestedSimpleSubprocessWithTimerOnInnerSubProcess,False,False,False,False
org.apache.hadoop.hbase.mapreduce.TestTableMapReduce#testMultiRegionTable,True,True,True,True
org.apache.http.pool.TestConnPool#testCloseIdle,False,False,False,False
org.springframework.boot.cli.SampleIntegrationTests#deviceSample,True,True,True,True
org.activiti.spring.test.servicetask.ServiceTaskSpringDelegationTest#testAsyncMethodExpressionOnSpringBean,True,True,False,False
org.springframework.boot.starter.StarterDependenciesIntegrationTests#oldSpringModulesAreNotTransitiveDependencies[13],False,False,False,False
org.springframework.boot.starter.StarterDependenciesIntegrationTests#commonsLoggingIsNotATransitiveDependency[13],False,False,False,False
org.java_websocket.issues.Issue256Test#runReconnectBlockingScenario5,False,False,False,False
org.springframework.boot.starter.StarterDependenciesIntegrationTests#commonsLoggingIsNotATransitiveDependency[33],False,False,False,False
org.springframework.boot.starter.StarterDependenciesIntegrationTests#commonsLoggingIsNotATransitiveDependency[9],False,False,False,False
me.prettyprint.cassandra.dao.SimpleCassandraDaoTest#testInsertGetDelete,False,False,False,False
org.activiti.engine.test.bpmn.event.timer.BoundaryTimerNonInterruptingEventTest#testJoin,False,False,False,False
org.springframework.boot.starter.StarterDependenciesIntegrationTests#commonsLoggingIsNotATransitiveDependency[18],False,False,False,False
org.java_websocket.issues.Issue256Test#runReconnectBlockingScenario9,False,False,False,False
org.apache.hadoop.hbase.client.TestFromClientSide#testSingleRowMultipleFamily,True,True,True,True
ch.qos.logback.core.net.DefaultSocketConnectorTest#testConnectionFails,False,False,False,False
org.apache.hadoop.hbase.mapreduce.TestTableInputFormatScan#testScanEmptyToAPP,True,True,True,True
com.github.kevinsawicki.http.HttpRequestTest#getWithEscapedMappedQueryParams,False,False,False,False
com.github.jknack.handlebars.HumanizeHelperTest#naturalTime,False,False,False,False
org.apache.ambari.server.agent.TestActionQueue#testConcurrentOperations,False,False,False,False
tachyon.JournalTest#RenameTest,False,False,False,False
com.squareup.okhttp.internal.spdy.SpdyConnectionTest#serverClosesClientInputStream,False,False,False,False
com.squareup.okhttp.internal.http.URLConnectionTest#digestAuthentication,False,False,False,False
org.springframework.boot.starter.StarterDependenciesIntegrationTests#commonsLoggingIsNotATransitiveDependency[7],False,False,False,False
org.springframework.boot.starter.StarterDependenciesIntegrationTests#oldSpringModulesAreNotTransitiveDependencies[29],False,False,False,False
com.github.kevinsawicki.http.HttpRequestTest#basicProxyAuthentication,False,False,False,False
tachyon.MasterInfoTest#deleteEmptyDirectoryTest,False,False,False,False
com.squareup.okhttp.internal.http.ResponseCacheTest#clientPrematureDisconnectWithContentLengthHeader,False,False,False,False
io.undertow.server.handlers.DateHandlerTestCase#testDateHandler,False,False,False,False
org.springframework.boot.starter.StarterDependenciesIntegrationTests#oldSpringModulesAreNotTransitiveDependencies[33],False,False,False,False
org.springframework.boot.starter.StarterDependenciesIntegrationTests#oldSpringModulesAreNotTransitiveDependencies[31],False,False,False,False
tachyon.client.table.RawTableTest#rawtablePerfTest,True,True,True,False
ro.isdc.wro.cache.support.TestDefaultSynchronizedCacheStrategyDecorator#shouldCheckOnlyAfterTimeout,False,False,False,False
org.apache.hadoop.hbase.client.TestTimestamp#testTimestamps,True,True,True,True
org.apache.ambari.server.controller.AmbariManagementControllerTest#testServiceUpdateInvalidUpdates,False,False,False,False
org.apache.hadoop.hbase.mapreduce.TestTableInputFormatScan#testScanEmptyToOPP,True,True,True,True
me.prettyprint.hector.api.ApiV2SystemTest#testCountQuery,False,False,False,False
tachyon.JournalTest#AddCheckpointTest,False,False,False,False
tachyon.client.TachyonFSTest#createFileWithFileAlreadyExistExceptionTest,False,False,False,False
tachyon.client.BlockInStreamTest#readTest3,True,True,False,False
com.squareup.okhttp.internal.http.URLConnectionTest#responseCacheReturnsNullOutputStream,False,False,False,False
ch.qos.logback.core.util.FileUtilTest#basicCopyingWorks,False,True,False,True
tachyon.command.TFsShellTest#mkdirInvalidPathTest,False,False,False,False
org.activiti.engine.test.bpmn.async.AsyncExclusiveJobsTest#testExclusiveJobs,True,True,False,False
me.prettyprint.hector.api.ApiV2SystemTest#testSliceQuery,False,False,False,False
org.apache.hadoop.hbase.client.TestFromClientSide#testJiraTest33,True,True,True,True
me.prettyprint.cassandra.examples.ExampleDaoV2Test#testMultiInsertGetDelete,False,False,False,False
tachyon.command.TFsShellTest#copyFromLocalTest,False,False,False,False
org.apache.ambari.server.controller.AmbariManagementControllerTest#testCreateServiceComponentWithInvalidRequest,False,False,False,False
org.apache.hadoop.hbase.regionserver.TestScanner#testFilters,True,True,True,True
org.apache.hadoop.hbase.stargate.client.TestRemoteTable#testGet,True,True,SKIPPED_META_PROCESSING,SKIPPED_META_PROCESSING
ch.qos.logback.core.AsyncAppenderBaseTest#workerShouldStopEvenIfInterruptExceptionConsumedWithinSubappender,False,False,False,False
com.squareup.okhttp.internal.http.URLConnectionTest#postFailsWithFixedLengthRequestForSmallRequest,False,True,False,True
org.activiti.engine.test.bpmn.event.timer.BoundaryTimerEventTest#testExpressionOnTimer,False,False,False,False
org.apache.ambari.server.controller.AmbariManagementControllerTest#testServiceComponentUpdateRecursive,False,False,False,False
tachyon.JournalTest#ManyFileTest,False,False,False,False
com.squareup.okhttp.internal.http.URLConnectionTest#postFailsWithBufferedRequestForSmallRequest,False,False,False,False
org.java_websocket.issues.Issue256Test#runReconnectBlockingScenario4,False,False,False,False
com.squareup.okhttp.internal.http.URLConnectionTest#emptyResponseHeaderNameIsLenient,False,False,False,False
ro.isdc.wro.model.resource.locator.support.TestDispatcherStreamLocator#canLocateValidResource,False,False,False,False
tachyon.JournalTest#DeleteTest,False,False,False,False
org.java_websocket.issues.Issue677Test#testIssue,False,True,False,False
org.springframework.boot.cli.DirectorySourcesIntegrationTests#runDirectoryRecursive,False,False,False,False
org.apache.hadoop.hbase.stargate.Test00MiniCluster#testStargateServlet,False,False,False,False
tachyon.JournalTest#FileTest,False,False,False,False
org.apache.ambari.server.controller.AmbariManagementControllerTest#testCreateClusterWithHostMapping,False,False,False,False
org.apache.ambari.server.controller.AmbariManagementControllerTest#testCreateServiceComponentHostMultiple,False,False,False,False
sample.bitronix.SampleBitronixApplicationTests#testExposesXaAndNonXa,True,True,True,False
org.apache.hadoop.hbase.stargate.TestScannersWithFilters#testInclusiveStopFilter,True,True,True,True
ro.isdc.wro.model.group.processor.TestPreProcessorExecutor#preProcessingInParallelIsFaster,False,False,False,False
org.apache.hadoop.hbase.regionserver.TestStoreReconstruction#runReconstructionLog,True,False,True,True
tachyon.command.TFsShellTest#rmNotExistingFileTest,False,False,False,False
org.apache.hadoop.hbase.stargate.TestRowResource#testSingleCellGetPutPB,True,True,True,True
com.squareup.okhttp.internal.http.URLConnectionTest#requestBodySurvivesRetriesWithChunkedStreaming,False,False,False,False
org.springframework.boot.gradle.FlatdirTests#flatdir,False,False,False,False
org.springframework.boot.starter.StarterDependenciesIntegrationTests#commonsLoggingIsNotATransitiveDependency[15],False,False,False,False
org.apache.hadoop.hbase.stargate.TestScannersWithFilters#testFilterList,True,True,True,True
org.apache.hadoop.hbase.client.TestAdmin#testReadOnlyTable,True,True,True,True
org.activiti.engine.test.bpmn.event.timer.BoundaryTimerEventTest#testMultipleTimersOnUserTask,False,False,False,False
com.squareup.okhttp.internal.spdy.SpdyConnectionTest#readSendsWindowUpdate,False,False,False,False
tachyon.client.table.RawTableTest#updateMetadataTest,False,False,False,False
org.apache.http.nio.protocol.TestBufferingNHttpHandlers#testHttpPostsHTTP10,False,False,False,False
org.apache.hadoop.hbase.stargate.TestRowResource#testMultiCellGetPutXML,True,True,True,True
me.prettyprint.cassandra.examples.ExampleDaoV2Test#testInsertGetDelete,False,False,False,False
tachyon.command.TFsShellTest#copyToLocalTest,True,True,False,False
com.github.kevinsawicki.http.HttpRequestTest#postWithEscapedMappedQueryParams,False,False,False,False
tachyon.client.TachyonFSTest#renameFileTest2,False,False,False,False
org.springframework.boot.starter.StarterDependenciesIntegrationTests#oldSpringModulesAreNotTransitiveDependencies[9],False,False,False,False
org.apache.hadoop.hbase.stargate.TestStatusResource#testGetClusterStatusPB,True,True,True,True
org.springframework.boot.starter.StarterDependenciesIntegrationTests#commonsLoggingIsNotATransitiveDependency[2],False,False,False,False
tachyon.WorkerServiceHandlerTest#returnSpaceTest,False,False,False,False
com.squareup.okhttp.internal.http.URLConnectionTest#response300MultipleChoiceWithPost,False,False,False,False
org.apache.hadoop.hbase.stargate.TestScannersWithFilters#testPageFilter,True,True,True,True
org.apache.hadoop.hbase.mapreduce.TestTableInputFormatScan#testScanOBBToQPP,True,True,True,True
tachyon.MasterInfoTest#createAlreadyExistFileTest,False,False,False,False
org.springframework.boot.cli.SampleIntegrationTests#xmlSample,False,False,False,False
org.springframework.boot.cli.compiler.grape.AetherGrapeEngineTests#pomDependencyResolutionViaType,False,False,False,False
org.apache.hadoop.hbase.mapreduce.TestTableInputFormatScan#testScanYYYToEmpty,True,True,True,True
org.springframework.boot.gradle.InstallTests#cleanInstall,False,False,False,False
tachyon.client.TachyonFSTest#createRawTableWithInvalidPathExceptionTest1,False,False,False,False
org.springframework.boot.cli.TestCommandIntegrationTests#integrationTest,False,False,False,False
com.squareup.okhttp.internal.http.URLConnectionTest#redirectedWithNoLengthHeaders,False,False,False,False
org.apache.hadoop.hbase.master.TestMasterTransitions#testRegionCloseWhenNoMetaHBase2428,True,True,True,True
org.apache.hadoop.hbase.stargate.TestTableResource#testTableListXML,True,True,True,True
tachyon.command.TFsShellTest#rmTest,False,False,False,False
ch.qos.logback.core.FileAppenderResilienceTest#smoke,False,False,False,False
org.springframework.boot.cli.ClassLoaderIntegrationTests#runWithIsolatedClassLoader,False,False,False,False
tachyon.command.TFsShellTest#mkdirShortPathTest,False,False,False,False
org.activiti.engine.test.jobexecutor.JobExecutorTest#testBasicJobExecutorOperation,True,True,False,False
org.apache.dubbo.rpc.cluster.support.AbstractClusterInvokerTest#testBindingAttachment,False,False,False,False
org.apache.hadoop.hbase.TestMultiParallelPut#testMultiPut,True,True,True,True
org.springframework.boot.cli.JarCommandIT#jarCreation,False,True,False,True
org.springframework.boot.cli.SampleIntegrationTests#webSample,True,True,True,True
org.springframework.boot.starter.StarterDependenciesIntegrationTests#oldSpringModulesAreNotTransitiveDependencies[34],False,False,False,False
org.apache.hadoop.hbase.client.TestAdmin#testTableNotFoundExceptionWithATable,True,True,True,True
org.jboss.as.naming.subsystem.NamingSubsystemTestCase#testRejectionsEAP7,True,True,True,True
tachyon.client.TachyonFSTest#unlockBlockTest1,True,True,False,False
org.springframework.boot.starter.StarterDependenciesIntegrationTests#oldSpringModulesAreNotTransitiveDependencies[1],False,False,False,False
com.ea.orbit.actors.test.TimerTest#timerTest,False,False,False,False
org.springframework.boot.cli.GrabCommandIntegrationTests#customMetadata,False,True,False,True
com.squareup.okhttp.internal.http.URLConnectionTest#chunkedUpload_byteByByte,False,False,False,False
org.apache.ambari.server.controller.AmbariManagementControllerTest#testGetRequestAndTaskStatus,False,False,False,False
org.apache.hadoop.hbase.client.TestAdmin#testCreateBadTables,True,True,True,True
org.apache.ambari.server.controller.AmbariManagementControllerTest#testCreateHostSimple,False,False,False,False
org.springframework.boot.gradle.RepackagingTests#repackagingEnabled,False,False,False,False
org.apache.hadoop.hbase.regionserver.TestScanner#testStopRow,True,True,True,True
org.springframework.boot.starter.StarterDependenciesIntegrationTests#oldSpringModulesAreNotTransitiveDependencies[10],False,False,False,False
com.github.kevinsawicki.http.HttpRequestTest#getUrlEncodedWithSpace,False,False,False,False
tachyon.client.table.RawTableTest#getColumnsTest,False,False,False,False
tachyon.command.TFsShellTest#mkdirTest,False,False,False,False
org.apache.hadoop.hbase.client.TestFromClientSide#testDeletes,True,True,True,True
org.activiti.engine.test.bpmn.event.timer.compatibility.BoundaryTimerEventRepeatCompatibilityTest#testRepeatWithoutEnd,True,True,True,False
org.apache.ambari.server.controller.AmbariManagementControllerTest#testGetServicesWithFilters,False,False,False,False
tachyon.client.LocalBlockInStreamTest#readTest2,True,True,False,False
org.apache.hadoop.hbase.regionserver.TestStoreFile#testReference,True,True,True,True
com.squareup.okhttp.internal.http.ResponseCacheTest#clientPrematureDisconnectWithNoLengthHeaders,False,False,False,False
tachyon.client.TachyonFileTest#isInMemoryTest2,True,True,False,False
org.springframework.boot.starter.StarterDependenciesIntegrationTests#oldSpringModulesAreNotTransitiveDependencies[7],False,False,False,False
com.squareup.okhttp.internal.http.URLConnectionTest#serverShutdownInput,False,False,False,False
org.java_websocket.issues.Issue256Test#runReconnectScenario3,False,False,False,False
tachyon.MasterInfoTest#clientFileInfoEmptyFileTest,False,False,False,False
io.undertow.server.handlers.proxy.LoadBalancingProxyTestCase#testLoadSharedWithServerShutdown,True,True,False,False
org.apache.hadoop.hbase.stargate.auth.TestZooKeeperAuthenticator#testGetDisabledUser,True,True,True,True
com.squareup.okhttp.internal.http.URLConnectionTest#serverSendsInvalidCodeTooLarge,False,False,False,False
com.squareup.okhttp.internal.spdy.SpdyConnectionTest#headersOnlyStreamIsClosedAfterReplyHeaders,False,False,False,False
org.apache.http.nio.protocol.TestThrottlingNHttpHandlers#testSimpleHttpPostsHTTP10,False,False,False,False
org.apache.hadoop.hbase.mapreduce.TestTableInputFormatScan#testScanEmptyToEmpty,True,True,True,True
org.apache.hadoop.hbase.regionserver.TestCompaction#testMajorCompactingToNoOutput,True,True,True,True
tachyon.client.TachyonFSTest#createRawTableWithFileAlreadyExistExceptionTest,False,False,False,False
org.apache.hadoop.hbase.stargate.TestVersionResource#testGetStorageClusterVersionJSON,True,True,True,True
org.apache.hadoop.hbase.TestMergeMeta#testMergeMeta,True,True,True,True
org.jboss.as.clustering.infinispan.subsystem.InfinispanTransformersTestCase#testRejectionsEAP640,True,True,True,True
com.ea.orbit.actors.test.ObserverTest#observerGarbageCollection,False,False,False,True
com.ea.orbit.actors.test.LifeCycleTest#deactivationTest,False,False,False,False
org.activiti.engine.test.bpmn.gateway.EventBasedGatewayTest#testCatchTimerCancelsSignal,False,False,False,False
org.apache.hadoop.hbase.regionserver.TestScanner#testScanAndSyncFlush,True,True,True,True
tachyon.MasterInfoTest#lsTest,False,False,False,False
org.java_websocket.issues.Issue256Test#runReconnectScenario0,True,True,False,False
org.apache.hadoop.hbase.client.TestFromClientSide#testRowsPut,True,True,True,True
org.apache.hadoop.hbase.mapreduce.TestTableInputFormatScan#testScanOPPToEmpty,True,True,True,True
org.apache.hadoop.hbase.stargate.auth.TestHTableAuthenticator#testGetDisabledUser,False,False,True,False
com.squareup.okhttp.internal.http.URLConnectionTest#response307WithOptions,False,False,False,False
org.springframework.boot.starter.StarterDependenciesIntegrationTests#commonsLoggingIsNotATransitiveDependency[20],False,False,False,False
tachyon.client.TachyonFSTest#createRawTableTestWithMetadata,False,False,False,False
org.springframework.boot.cli.SampleIntegrationTests#caching,False,False,False,False
controllers.ApplicationControllerTest#testThatHomepageWorks,False,False,False,False
org.springframework.boot.starter.StarterDependenciesIntegrationTests#commonsLoggingIsNotATransitiveDependency[38],False,False,False,False
com.squareup.okhttp.internal.http.URLConnectionTest#response307WithHead,False,False,False,False
com.squareup.okhttp.internal.http.URLConnectionTest#getRequestPropertyReturnsLastValue,False,False,False,False
org.springframework.boot.starter.StarterDependenciesIntegrationTests#oldSpringModulesAreNotTransitiveDependencies[11],False,False,False,False
org.apache.hadoop.hbase.mapreduce.TestTableInputFormatScan#testScanYYXToEmpty,True,True,True,True
com.github.kevinsawicki.http.HttpRequestTest#verifierAccepts,False,False,False,False
org.springframework.boot.autoconfigure.liquibase.LiquibaseAutoConfigurationTests#testOverrideDropFirst,False,False,False,False
org.activiti.engine.test.bpmn.async.AsyncTaskTest#testAsyncTask,True,True,False,False
com.github.kevinsawicki.http.HttpRequestTest#getWithVarargsQueryParams,False,False,False,False
org.apache.ambari.server.controller.AmbariManagementControllerTest#testGetClusters,False,False,False,False
org.java_websocket.issues.Issue256Test#runReconnectBlockingScenario1,False,False,False,False
me.prettyprint.cassandra.model.MutatorTest#testBatchMutationManagement,False,False,False,False
org.java_websocket.issues.Issue580Test#runNoCloseBlockingTestScenario7,False,False,False,False
org.springframework.boot.starter.StarterDependenciesIntegrationTests#commonsLoggingIsNotATransitiveDependency[1],False,False,False,False
com.squareup.okhttp.internal.http.URLConnectionTest#postFailsWithFixedLengthRequestForLargeRequest,False,True,False,False
ch.qos.logback.classic.sift.MDCBasedDiscriminatorTest#nullMDC,False,False,False,False
org.apache.ambari.server.controller.AmbariManagementControllerTest#testConfigUpdates,False,False,False,False
org.springframework.boot.starter.StarterDependenciesIntegrationTests#oldSpringModulesAreNotTransitiveDependencies[5],False,False,False,False
tachyon.DataServerTest#readPartialTest1,True,True,True,True
org.activiti.engine.test.history.HistoricVariableInstanceTest#testHistoricVariableQueryByTaskIds,False,False,False,False
ch.qos.logback.classic.rolling.UniqueFileTest#basic,False,False,False,False
org.apache.hadoop.hbase.regionserver.wal.TestHLog#testEditAdd,True,True,True,True
com.squareup.okhttp.internal.http.URLConnectionTest#postFailsWithChunkedRequestForSmallRequest,False,True,False,True
sample.atomikos.SampleAtomikosApplicationTests#testTransactionRollback,True,True,True,True
com.squareup.okhttp.internal.http.URLConnectionTest#redirectedWithChunkedEncoding,False,False,False,False
org.apache.ambari.server.controller.AmbariManagementControllerTest#testCreateActions,False,False,False,False
org.apache.hadoop.hbase.TestZooKeeper#testRegionServerSessionExpired,True,True,True,True
tachyon.client.TachyonFileTest#writeEmptyFileTest,True,False,False,False
tachyon.MasterInfoTest#createRawTableTest,False,False,False,False
org.java_websocket.issues.Issue256Test#runReconnectBlockingScenario8,False,False,False,False
org.springframework.boot.cli.JarCommandIT#jarCreationWithGrabResolver,False,True,False,True
org.apache.ambari.server.controller.AmbariManagementControllerTest#testServiceComponentHostUpdateRecursive,False,False,False,False
tachyon.MasterInfoTest#createFileInvalidPathTest,False,False,False,False
com.squareup.okhttp.internal.http.HttpResponseCacheTest#expirationDateInThePastWithLastModifiedHeader,False,False,False,False
ch.qos.logback.classic.spi.PackagingDataCalculatorTest#perfTest,False,False,False,False
org.apache.hadoop.hbase.client.TestFromClientSide#testJiraTest867,True,True,True,True
org.springframework.boot.gradle.CustomVersionManagementTests#customSpringVersionIsUsed,False,True,False,True
org.jboss.as.clustering.infinispan.subsystem.InfinispanTransformersTestCase#testTransformerEAP700,True,True,True,True
com.github.kevinsawicki.http.HttpRequestTest#singleSslSocketFactory,False,False,False,False
com.squareup.okhttp.internal.http.HttpResponseCacheTest#statisticsConditionalCacheMiss,False,False,False,False
org.apache.ambari.server.controller.AmbariManagementControllerTest#testGetServices,False,False,False,False
com.ea.orbit.actors.test.StatelessActorTest#statelessTest,False,False,False,False
org.springframework.boot.starter.StarterDependenciesIntegrationTests#oldSpringModulesAreNotTransitiveDependencies[32],False,False,False,False
org.apache.hadoop.hbase.stargate.util.TestHTableTokenBucket#testTokenBucket,True,True,True,True
org.apache.hadoop.hbase.stargate.TestStatusResource#testGetClusterStatusXML,True,True,True,True
com.squareup.okhttp.internal.http.URLConnectionTest#fixedLengthUpload_smallBuffers,False,False,False,False
com.ea.orbit.actors.test.DeactivationTest#statelessWorkerDeactivationTest,False,False,False,False
org.apache.hadoop.hbase.TestMergeTable#testMergeTable,True,True,True,True
com.squareup.okhttp.internal.http.ResponseCacheTest#contentLocationDoesNotPopulateCache,False,False,False,False
org.activiti.engine.test.bpmn.event.timer.IntermediateTimerEventTest#testTimerEventWithStartAndDuration,False,False,False,False
org.apache.http.nio.protocol.TestAsyncNHttpHandlers#testNoServiceHandler,True,False,False,False
org.springframework.boot.actuate.autoconfigure.EndpointWebMvcAutoConfigurationTests#onSamePort,False,False,False,False
org.springframework.boot.cli.SampleIntegrationTests#jobSample,True,False,False,False
org.apache.dubbo.rpc.protocol.dubbo.telnet.ChangeTelnetHandlerTest#testChangeSimpleName,False,False,False,False
org.apache.dubbo.remoting.exchange.support.header.HeartbeatHandlerTest#testClientHeartbeat,False,False,False,False
org.springframework.boot.cli.SampleIntegrationTests#jobWebSample,True,True,True,True
org.apache.ambari.server.controller.AmbariManagementControllerTest#testCreateAndGetUsers,False,False,False,False
org.apache.ambari.server.controller.AmbariManagementControllerTest#testCreateServicesMultiple,False,False,False,False
org.apache.hadoop.hbase.client.TestFromClientSide#testJiraTest1182,True,True,True,True
org.springframework.boot.starter.StarterDependenciesIntegrationTests#commonsLoggingIsNotATransitiveDependency[30],False,False,False,False
org.springframework.boot.starter.StarterDependenciesIntegrationTests#oldSpringModulesAreNotTransitiveDependencies[25],False,False,False,False
com.squareup.okhttp.internal.spdy.SpdyConnectionTest#initialSettingsWithWindowSizeAdjustsConnection,False,False,False,False
org.springframework.boot.starter.StarterDependenciesIntegrationTests#commonsLoggingIsNotATransitiveDependency[10],False,False,False,False
org.apache.ambari.server.controller.AmbariManagementControllerTest#testInstallAndStartService,False,False,False,False
ch.qos.logback.classic.turbo.ReconfigureOnChangeTest#scan_LOGBACK_474,False,False,False,False
tachyon.client.BlockInStreamTest#skipTest,True,True,False,False
org.springframework.boot.starter.StarterDependenciesIntegrationTests#commonsLoggingIsNotATransitiveDependency[14],False,False,False,False
org.springframework.boot.gradle.RepackagingTests#repackagingDisabled,False,False,False,False
info.archinnov.achilles.test.integration.tests.ClusteredEntityIT#should_update_with_ttl,False,True,False,True
org.springframework.boot.starter.StarterDependenciesIntegrationTests#oldSpringModulesAreNotTransitiveDependencies[16],False,False,False,False
tachyon.command.TFsShellTest#mkdirExistingTest,False,False,False,False
com.squareup.okhttp.internal.http.URLConnectionTest#setProtocolsWithoutHttp11,False,False,False,False
org.apache.hadoop.hbase.stargate.client.TestRemoteAdmin#testDeleteTable,True,True,True,True
org.jboss.as.txn.subsystem.TransactionSubsystemTestCase#testRejectTransformersEAP640,True,True,True,True
org.apache.dubbo.rpc.protocol.dubbo.ExplicitCallbackTest#TestCallbackMultiInstans,True,False,False,False
tachyon.client.table.RawTableTest#getIdTest,False,False,False,False
org.springframework.boot.gradle.MultiProjectRepackagingTests#repackageWithCommonFileDependency,False,False,False,False
org.springframework.boot.cli.SampleIntegrationTests#reactorSample,False,False,False,False
org.apache.hadoop.hbase.stargate.TestScannerResource#testSimpleScannerPB,True,True,True,True
org.springframework.boot.starter.StarterDependenciesIntegrationTests#commonsLoggingIsNotATransitiveDependency[25],False,False,False,False
org.apache.hadoop.hbase.thrift.TestThriftServer#testAll,True,True,True,True
org.apache.dubbo.remoting.transport.netty.ThreadNameTest#testThreadName,False,False,False,False
org.springframework.boot.gradle.MultiProjectRepackagingTests#repackageWithTransitiveFileDependency,False,False,False,False
tachyon.client.FileInStreamTest#readTest3,True,True,True,False
tachyon.client.RemoteBlockInStreamTest#readTest5,True,True,False,False
com.squareup.okhttp.internal.http.URLConnectionTest#response307WithPost,False,False,False,False
org.springframework.boot.actuate.autoconfigure.EndpointWebMvcAutoConfigurationTests#disabled,False,False,False,False
tachyon.JournalTest#EmptyImageTest,False,False,False,False
me.prettyprint.hector.api.ApiV2SystemTest#testMultigetSuperSliceQuery,False,False,False,False
tachyon.MasterInfoTest#deleteDirectoryWithDirectoriesTest2,False,False,False,False
org.springframework.boot.starter.StarterDependenciesIntegrationTests#oldSpringModulesAreNotTransitiveDependencies[3],False,False,False,False
tachyon.MasterInfoTest#deleteFileTest,True,False,True,False
me.prettyprint.cassandra.model.MultigetCountQueryTest#testMultigetCount,False,False,False,False
com.github.kevinsawicki.http.HttpRequestTest#postWithVaragsQueryParams,False,False,False,False
org.apache.hadoop.hbase.stargate.TestScannerResource#testSimpleScannerBinary,False,True,True,True
org.springframework.boot.starter.StarterDependenciesIntegrationTests#commonsLoggingIsNotATransitiveDependency[4],False,False,False,False
com.squareup.okhttp.internal.http.URLConnectionTest#getOutputStreamOnGetFails,False,False,False,False
org.springframework.boot.starter.StarterDependenciesIntegrationTests#commonsLoggingIsNotATransitiveDependency[22],False,False,False,False
